test_id,PM2.5,PM10,O3
dongsi_aq#0,60,94,27
dongsi_aq#1,58,91,36
dongsi_aq#2,57,90,47
dongsi_aq#3,58,88,59
dongsi_aq#4,59,87,71
dongsi_aq#5,57,84,83
dongsi_aq#6,54,81,93
dongsi_aq#7,52,81,98
dongsi_aq#8,52,85,99
dongsi_aq#9,54,89,96
dongsi_aq#10,56,96,88
dongsi_aq#11,60,101,76
dongsi_aq#12,63,105,68
dongsi_aq#13,66,110,59
dongsi_aq#14,68,111,52
dongsi_aq#15,69,109,47
dongsi_aq#16,68,107,41
dongsi_aq#17,66,102,38
dongsi_aq#18,65,102,31
dongsi_aq#19,62,97,27
dongsi_aq#20,62,97,30
dongsi_aq#21,62,95,26
dongsi_aq#22,61,95,25
dongsi_aq#23,59,92,25
tiantan_aq#0,58,98,23
tiantan_aq#1,58,99,31
tiantan_aq#2,58,95,42
tiantan_aq#3,60,94,54
tiantan_aq#4,56,86,68
tiantan_aq#5,55,84,80
tiantan_aq#6,53,83,89
tiantan_aq#7,52,83,95
tiantan_aq#8,52,86,98
tiantan_aq#9,52,86,92
tiantan_aq#10,52,85,84
tiantan_aq#11,54,86,73
tiantan_aq#12,55,88,59
tiantan_aq#13,58,92,49
tiantan_aq#14,60,95,43
tiantan_aq#15,61,94,40
tiantan_aq#16,62,92,36
tiantan_aq#17,58,89,32
tiantan_aq#18,61,87,28
tiantan_aq#19,59,86,27
tiantan_aq#20,58,88,24
tiantan_aq#21,58,88,22
tiantan_aq#22,57,92,21
tiantan_aq#23,57,100,21
guanyuan_aq#0,57,96,25
guanyuan_aq#1,56,97,34
guanyuan_aq#2,55,92,45
guanyuan_aq#3,55,91,59
guanyuan_aq#4,53,85,72
guanyuan_aq#5,54,85,85
guanyuan_aq#6,52,83,93
guanyuan_aq#7,51,82,98
guanyuan_aq#8,51,85,97
guanyuan_aq#9,52,91,95
guanyuan_aq#10,54,95,87
guanyuan_aq#11,57,97,76
guanyuan_aq#12,59,102,65
guanyuan_aq#13,61,105,57
guanyuan_aq#14,62,107,50
guanyuan_aq#15,63,104,45
guanyuan_aq#16,61,105,41
guanyuan_aq#17,59,96,38
guanyuan_aq#18,58,93,33
guanyuan_aq#19,57,90,35
guanyuan_aq#20,56,90,30
guanyuan_aq#21,57,94,26
guanyuan_aq#22,57,95,25
guanyuan_aq#23,57,96,23
wanshouxigong_aq#0,59,88,25
wanshouxigong_aq#1,59,92,34
wanshouxigong_aq#2,60,96,45
wanshouxigong_aq#3,60,87,57
wanshouxigong_aq#4,58,83,69
wanshouxigong_aq#5,58,82,80
wanshouxigong_aq#6,55,78,89
wanshouxigong_aq#7,54,80,94
wanshouxigong_aq#8,55,81,95
wanshouxigong_aq#9,55,87,90
wanshouxigong_aq#10,58,92,82
wanshouxigong_aq#11,58,91,72
wanshouxigong_aq#12,64,98,61
wanshouxigong_aq#13,65,100,51
wanshouxigong_aq#14,65,98,44
wanshouxigong_aq#15,68,97,41
wanshouxigong_aq#16,68,96,36
wanshouxigong_aq#17,67,92,33
wanshouxigong_aq#18,65,89,30
wanshouxigong_aq#19,64,86,28
wanshouxigong_aq#20,60,80,27
wanshouxigong_aq#21,59,89,25
wanshouxigong_aq#22,59,93,24
wanshouxigong_aq#23,58,87,23
aotizhongxin_aq#0,54,78,29
aotizhongxin_aq#1,55,82,37
aotizhongxin_aq#2,56,83,49
aotizhongxin_aq#3,55,77,62
aotizhongxin_aq#4,53,74,75
aotizhongxin_aq#5,53,73,86
aotizhongxin_aq#6,51,70,96
aotizhongxin_aq#7,50,72,99
aotizhongxin_aq#8,49,72,100
aotizhongxin_aq#9,50,74,97
aotizhongxin_aq#10,52,80,90
aotizhongxin_aq#11,54,83,82
aotizhongxin_aq#12,57,87,71
aotizhongxin_aq#13,58,92,62
aotizhongxin_aq#14,61,92,55
aotizhongxin_aq#15,62,91,50
aotizhongxin_aq#16,61,89,43
aotizhongxin_aq#17,60,87,39
aotizhongxin_aq#18,59,88,34
aotizhongxin_aq#19,58,83,33
aotizhongxin_aq#20,57,83,25
aotizhongxin_aq#21,57,82,27
aotizhongxin_aq#22,56,82,26
aotizhongxin_aq#23,54,78,26
nongzhanguan_aq#0,58,92,25
nongzhanguan_aq#1,57,89,33
nongzhanguan_aq#2,57,91,46
nongzhanguan_aq#3,57,91,59
nongzhanguan_aq#4,56,90,73
nongzhanguan_aq#5,57,87,86
nongzhanguan_aq#6,54,84,96
nongzhanguan_aq#7,51,82,101
nongzhanguan_aq#8,51,81,100
nongzhanguan_aq#9,51,83,97
nongzhanguan_aq#10,52,87,90
nongzhanguan_aq#11,55,92,78
nongzhanguan_aq#12,58,96,67
nongzhanguan_aq#13,61,101,58
nongzhanguan_aq#14,63,104,51
nongzhanguan_aq#15,63,99,48
nongzhanguan_aq#16,64,102,42
nongzhanguan_aq#17,62,97,38
nongzhanguan_aq#18,62,96,33
nongzhanguan_aq#19,61,95,31
nongzhanguan_aq#20,62,93,28
nongzhanguan_aq#21,60,95,26
nongzhanguan_aq#22,59,92,25
nongzhanguan_aq#23,57,91,22
wanliu_aq#0,56,86,22
wanliu_aq#1,56,85,31
wanliu_aq#2,55,83,43
wanliu_aq#3,55,78,56
wanliu_aq#4,53,74,70
wanliu_aq#5,51,72,83
wanliu_aq#6,51,71,90
wanliu_aq#7,50,74,95
wanliu_aq#8,50,77,95
wanliu_aq#9,50,84,90
wanliu_aq#10,53,89,80
wanliu_aq#11,54,89,70
wanliu_aq#12,56,95,59
wanliu_aq#13,58,101,49
wanliu_aq#14,61,104,41
wanliu_aq#15,61,98,36
wanliu_aq#16,59,96,33
wanliu_aq#17,58,91,30
wanliu_aq#18,56,87,28
wanliu_aq#19,55,84,27
wanliu_aq#20,55,83,25
wanliu_aq#21,54,83,23
wanliu_aq#22,54,84,22
wanliu_aq#23,54,86,19
beibuxinqu_aq#0,61,93,25
beibuxinqu_aq#1,62,93,35
beibuxinqu_aq#2,61,88,48
beibuxinqu_aq#3,60,86,59
beibuxinqu_aq#4,56,90,73
beibuxinqu_aq#5,55,85,84
beibuxinqu_aq#6,52,81,94
beibuxinqu_aq#7,52,83,98
beibuxinqu_aq#8,50,91,97
beibuxinqu_aq#9,50,98,94
beibuxinqu_aq#10,52,102,86
beibuxinqu_aq#11,55,108,73
beibuxinqu_aq#12,59,110,60
beibuxinqu_aq#13,60,113,48
beibuxinqu_aq#14,63,112,40
beibuxinqu_aq#15,64,104,34
beibuxinqu_aq#16,62,103,30
beibuxinqu_aq#17,60,93,27
beibuxinqu_aq#18,59,89,23
beibuxinqu_aq#19,57,90,22
beibuxinqu_aq#20,56,82,20
beibuxinqu_aq#21,57,88,19
beibuxinqu_aq#22,57,87,19
beibuxinqu_aq#23,58,96,21
zhiwuyuan_aq#0,55,69,39
zhiwuyuan_aq#1,57,78,46
zhiwuyuan_aq#2,59,76,58
zhiwuyuan_aq#3,57,70,72
zhiwuyuan_aq#4,56,71,87
zhiwuyuan_aq#5,55,72,99
zhiwuyuan_aq#6,55,69,108
zhiwuyuan_aq#7,54,75,113
zhiwuyuan_aq#8,54,72,117
zhiwuyuan_aq#9,54,75,114
zhiwuyuan_aq#10,52,74,105
zhiwuyuan_aq#11,51,71,93
zhiwuyuan_aq#12,52,70,83
zhiwuyuan_aq#13,53,68,75
zhiwuyuan_aq#14,54,71,69
zhiwuyuan_aq#15,55,69,63
zhiwuyuan_aq#16,56,72,58
zhiwuyuan_aq#17,55,69,53
zhiwuyuan_aq#18,53,64,48
zhiwuyuan_aq#19,51,58,45
zhiwuyuan_aq#20,54,63,42
zhiwuyuan_aq#21,54,65,39
zhiwuyuan_aq#22,54,66,37
zhiwuyuan_aq#23,54,71,36
fengtaihuayuan_aq#0,63,103,21
fengtaihuayuan_aq#1,62,104,31
fengtaihuayuan_aq#2,61,100,44
fengtaihuayuan_aq#3,62,94,56
fengtaihuayuan_aq#4,59,88,70
fengtaihuayuan_aq#5,60,82,82
fengtaihuayuan_aq#6,57,84,90
fengtaihuayuan_aq#7,58,86,96
fengtaihuayuan_aq#8,59,90,98
fengtaihuayuan_aq#9,59,93,91
fengtaihuayuan_aq#10,60,96,80
fengtaihuayuan_aq#11,62,104,67
fengtaihuayuan_aq#12,67,112,53
fengtaihuayuan_aq#13,69,118,44
fengtaihuayuan_aq#14,70,116,36
fengtaihuayuan_aq#15,70,114,34
fengtaihuayuan_aq#16,70,111,30
fengtaihuayuan_aq#17,67,109,27
fengtaihuayuan_aq#18,66,106,25
fengtaihuayuan_aq#19,64,101,24
fengtaihuayuan_aq#20,62,96,22
fengtaihuayuan_aq#21,60,96,21
fengtaihuayuan_aq#22,60,97,20
fengtaihuayuan_aq#23,61,103,18
yungang_aq#0,53,81,35
yungang_aq#1,54,83,44
yungang_aq#2,57,85,56
yungang_aq#3,58,80,69
yungang_aq#4,58,76,82
yungang_aq#5,59,78,94
yungang_aq#6,59,75,103
yungang_aq#7,59,75,109
yungang_aq#8,58,79,110
yungang_aq#9,57,82,105
yungang_aq#10,59,88,96
yungang_aq#11,61,99,85
yungang_aq#12,64,102,74
yungang_aq#13,65,106,63
yungang_aq#14,67,106,55
yungang_aq#15,66,98,50
yungang_aq#16,63,92,45
yungang_aq#17,62,90,41
yungang_aq#18,61,87,38
yungang_aq#19,57,82,36
yungang_aq#20,55,77,35
yungang_aq#21,54,76,32
yungang_aq#22,52,77,32
yungang_aq#23,51,80,32
gucheng_aq#0,56,92,28
gucheng_aq#1,58,95,37
gucheng_aq#2,57,93,49
gucheng_aq#3,59,87,61
gucheng_aq#4,57,78,74
gucheng_aq#5,57,80,86
gucheng_aq#6,58,83,94
gucheng_aq#7,58,84,99
gucheng_aq#8,57,88,101
gucheng_aq#9,57,93,97
gucheng_aq#10,61,99,87
gucheng_aq#11,65,105,75
gucheng_aq#12,67,113,63
gucheng_aq#13,68,120,52
gucheng_aq#14,69,119,44
gucheng_aq#15,68,119,37
gucheng_aq#16,66,112,34
gucheng_aq#17,63,104,33
gucheng_aq#18,60,99,27
gucheng_aq#19,57,94,25
gucheng_aq#20,55,91,28
gucheng_aq#21,55,92,27
gucheng_aq#22,54,87,27
gucheng_aq#23,55,87,26
fangshan_aq#0,61,106,27
fangshan_aq#1,60,106,36
fangshan_aq#2,60,104,51
fangshan_aq#3,61,100,66
fangshan_aq#4,60,94,81
fangshan_aq#5,61,91,93
fangshan_aq#6,58,90,102
fangshan_aq#7,58,89,107
fangshan_aq#8,57,93,109
fangshan_aq#9,57,94,104
fangshan_aq#10,58,102,93
fangshan_aq#11,65,118,80
fangshan_aq#12,69,127,66
fangshan_aq#13,70,131,55
fangshan_aq#14,72,131,46
fangshan_aq#15,71,122,42
fangshan_aq#16,69,123,38
fangshan_aq#17,68,110,34
fangshan_aq#18,65,106,31
fangshan_aq#19,63,101,31
fangshan_aq#20,61,96,25
fangshan_aq#21,58,94,24
fangshan_aq#22,57,94,23
fangshan_aq#23,58,100,22
daxing_aq#0,65,121,22
daxing_aq#1,64,119,34
daxing_aq#2,63,114,48
daxing_aq#3,62,105,62
daxing_aq#4,58,93,76
daxing_aq#5,57,89,89
daxing_aq#6,54,89,99
daxing_aq#7,53,89,103
daxing_aq#8,53,91,103
daxing_aq#9,53,93,100
daxing_aq#10,55,101,89
daxing_aq#11,57,108,76
daxing_aq#12,63,117,63
daxing_aq#13,67,123,53
daxing_aq#14,69,122,48
daxing_aq#15,67,119,42
daxing_aq#16,69,119,37
daxing_aq#17,68,113,33
daxing_aq#18,66,109,30
daxing_aq#19,64,108,28
daxing_aq#20,65,104,32
daxing_aq#21,64,105,22
daxing_aq#22,61,103,20
daxing_aq#23,62,109,19
yizhuang_aq#0,68,99,26
yizhuang_aq#1,66,102,37
yizhuang_aq#2,64,94,50
yizhuang_aq#3,65,88,66
yizhuang_aq#4,61,83,79
yizhuang_aq#5,59,74,91
yizhuang_aq#6,57,79,98
yizhuang_aq#7,56,77,102
yizhuang_aq#8,54,76,103
yizhuang_aq#9,55,77,99
yizhuang_aq#10,59,82,90
yizhuang_aq#11,61,88,75
yizhuang_aq#12,64,98,63
yizhuang_aq#13,66,103,54
yizhuang_aq#14,69,105,48
yizhuang_aq#15,69,102,43
yizhuang_aq#16,70,100,39
yizhuang_aq#17,70,97,36
yizhuang_aq#18,71,95,31
yizhuang_aq#19,70,96,28
yizhuang_aq#20,69,91,25
yizhuang_aq#21,68,93,23
yizhuang_aq#22,67,96,21
yizhuang_aq#23,66,98,20
tongzhou_aq#0,70,104,26
tongzhou_aq#1,69,107,35
tongzhou_aq#2,69,104,48
tongzhou_aq#3,69,100,63
tongzhou_aq#4,67,90,76
tongzhou_aq#5,65,92,90
tongzhou_aq#6,60,84,98
tongzhou_aq#7,60,84,103
tongzhou_aq#8,59,87,103
tongzhou_aq#9,58,87,96
tongzhou_aq#10,61,94,86
tongzhou_aq#11,64,105,72
tongzhou_aq#12,70,113,59
tongzhou_aq#13,71,120,50
tongzhou_aq#14,75,122,44
tongzhou_aq#15,77,121,40
tongzhou_aq#16,78,118,36
tongzhou_aq#17,79,111,33
tongzhou_aq#18,78,111,30
tongzhou_aq#19,76,106,28
tongzhou_aq#20,74,104,27
tongzhou_aq#21,71,107,25
tongzhou_aq#22,71,107,23
tongzhou_aq#23,68,104,23
shunyi_aq#0,51,74,32
shunyi_aq#1,52,75,43
shunyi_aq#2,53,76,57
shunyi_aq#3,54,75,71
shunyi_aq#4,51,71,85
shunyi_aq#5,51,72,87
shunyi_aq#6,50,69,104
shunyi_aq#7,49,70,108
shunyi_aq#8,48,71,108
shunyi_aq#9,50,75,102
shunyi_aq#10,49,77,88
shunyi_aq#11,53,85,75
shunyi_aq#12,57,95,63
shunyi_aq#13,60,98,53
shunyi_aq#14,64,100,47
shunyi_aq#15,67,101,44
shunyi_aq#16,68,95,39
shunyi_aq#17,65,90,35
shunyi_aq#18,63,83,32
shunyi_aq#19,60,79,31
shunyi_aq#20,58,77,29
shunyi_aq#21,55,72,28
shunyi_aq#22,52,68,28
shunyi_aq#23,51,70,28
pingchang_aq#0,51,83,26
pingchang_aq#1,53,85,32
pingchang_aq#2,53,88,42
pingchang_aq#3,55,90,54
pingchang_aq#4,52,78,67
pingchang_aq#5,50,75,78
pingchang_aq#6,48,74,88
pingchang_aq#7,45,70,94
pingchang_aq#8,45,74,94
pingchang_aq#9,47,78,90
pingchang_aq#10,48,80,82
pingchang_aq#11,51,84,71
pingchang_aq#12,54,86,61
pingchang_aq#13,54,84,54
pingchang_aq#14,54,80,50
pingchang_aq#15,53,77,48
pingchang_aq#16,53,76,47
pingchang_aq#17,53,74,41
pingchang_aq#18,51,65,36
pingchang_aq#19,50,64,33
pingchang_aq#20,48,65,31
pingchang_aq#21,48,65,29
pingchang_aq#22,48,69,26
pingchang_aq#23,48,75,24
mentougou_aq#0,50,80,42
mentougou_aq#1,50,80,51
mentougou_aq#2,51,82,64
mentougou_aq#3,54,86,77
mentougou_aq#4,54,86,90
mentougou_aq#5,55,84,102
mentougou_aq#6,56,87,112
mentougou_aq#7,59,91,118
mentougou_aq#8,59,91,118
mentougou_aq#9,60,99,112
mentougou_aq#10,61,103,101
mentougou_aq#11,63,108,86
mentougou_aq#12,65,111,69
mentougou_aq#13,65,113,57
mentougou_aq#14,64,109,52
mentougou_aq#15,62,98,49
mentougou_aq#16,58,90,47
mentougou_aq#17,54,84,46
mentougou_aq#18,51,74,44
mentougou_aq#19,49,72,44
mentougou_aq#20,49,69,43
mentougou_aq#21,49,72,42
mentougou_aq#22,49,75,40
mentougou_aq#23,48,74,39
pinggu_aq#0,59,72,38
pinggu_aq#1,61,83,49
pinggu_aq#2,65,81,63
pinggu_aq#3,63,78,78
pinggu_aq#4,60,89,92
pinggu_aq#5,57,73,102
pinggu_aq#6,54,69,108
pinggu_aq#7,54,68,111
pinggu_aq#8,54,69,113
pinggu_aq#9,55,70,108
pinggu_aq#10,59,78,98
pinggu_aq#11,66,87,86
pinggu_aq#12,73,99,75
pinggu_aq#13,74,89,67
pinggu_aq#14,68,78,62
pinggu_aq#15,66,68,59
pinggu_aq#16,63,64,58
pinggu_aq#17,63,64,56
pinggu_aq#18,61,58,53
pinggu_aq#19,57,57,51
pinggu_aq#20,56,50,48
pinggu_aq#21,55,56,44
pinggu_aq#22,55,56,40
pinggu_aq#23,55,61,37
huairou_aq#0,46,71,36
huairou_aq#1,48,74,44
huairou_aq#2,47,74,58
huairou_aq#3,47,75,72
huairou_aq#4,46,74,85
huairou_aq#5,45,71,94
huairou_aq#6,45,70,101
huairou_aq#7,44,70,107
huairou_aq#8,45,71,106
huairou_aq#9,45,75,103
huairou_aq#10,48,81,92
huairou_aq#11,52,88,79
huairou_aq#12,56,94,72
huairou_aq#13,56,90,64
huairou_aq#14,56,84,59
huairou_aq#15,54,81,58
huairou_aq#16,52,74,55
huairou_aq#17,52,71,52
huairou_aq#18,49,67,50
huairou_aq#19,47,59,48
huairou_aq#20,45,57,48
huairou_aq#21,45,59,42
huairou_aq#22,46,71,38
huairou_aq#23,45,61,35
miyun_aq#0,49,78,29
miyun_aq#1,50,77,42
miyun_aq#2,48,73,57
miyun_aq#3,45,71,72
miyun_aq#4,41,68,84
miyun_aq#5,42,73,94
miyun_aq#6,42,68,100
miyun_aq#7,42,66,104
miyun_aq#8,42,68,105
miyun_aq#9,44,73,100
miyun_aq#10,48,79,90
miyun_aq#11,56,92,78
miyun_aq#12,61,102,67
miyun_aq#13,61,102,59
miyun_aq#14,61,94,51
miyun_aq#15,60,88,46
miyun_aq#16,59,85,40
miyun_aq#17,56,81,38
miyun_aq#18,53,77,34
miyun_aq#19,50,69,31
miyun_aq#20,48,67,30
miyun_aq#21,47,65,27
miyun_aq#22,47,67,25
miyun_aq#23,47,73,26
yanqin_aq#0,55,86,29
yanqin_aq#1,58,90,40
yanqin_aq#2,58,87,54
yanqin_aq#3,53,86,67
yanqin_aq#4,47,76,80
yanqin_aq#5,43,72,91
yanqin_aq#6,38,68,99
yanqin_aq#7,38,70,103
yanqin_aq#8,38,71,104
yanqin_aq#9,40,73,102
yanqin_aq#10,43,81,94
yanqin_aq#11,48,84,85
yanqin_aq#12,50,86,76
yanqin_aq#13,51,87,65
yanqin_aq#14,52,86,57
yanqin_aq#15,55,83,52
yanqin_aq#16,55,82,47
yanqin_aq#17,55,81,41
yanqin_aq#18,55,76,37
yanqin_aq#19,53,75,38
yanqin_aq#20,52,72,32
yanqin_aq#21,51,74,28
yanqin_aq#22,49,74,25
yanqin_aq#23,51,75,25
dingling_aq#0,45,67,46
dingling_aq#1,48,69,52
dingling_aq#2,48,70,61
dingling_aq#3,49,72,71
dingling_aq#4,48,71,81
dingling_aq#5,48,68,91
dingling_aq#6,45,65,100
dingling_aq#7,44,65,105
dingling_aq#8,44,70,107
dingling_aq#9,45,71,104
dingling_aq#10,46,75,96
dingling_aq#11,48,77,84
dingling_aq#12,48,69,74
dingling_aq#13,47,62,69
dingling_aq#14,47,61,64
dingling_aq#15,47,58,61
dingling_aq#16,47,58,58
dingling_aq#17,46,56,55
dingling_aq#18,45,53,52
dingling_aq#19,44,56,49
dingling_aq#20,44,55,47
dingling_aq#21,43,54,44
dingling_aq#22,43,56,42
dingling_aq#23,43,61,43
badaling_aq#0,49,91,34
badaling_aq#1,49,92,45
badaling_aq#2,49,93,57
badaling_aq#3,47,89,69
badaling_aq#4,44,85,79
badaling_aq#5,40,79,87
badaling_aq#6,38,76,93
badaling_aq#7,38,81,95
badaling_aq#8,40,82,96
badaling_aq#9,41,83,92
badaling_aq#10,43,88,85
badaling_aq#11,45,88,76
badaling_aq#12,46,86,65
badaling_aq#13,45,88,53
badaling_aq#14,47,88,42
badaling_aq#15,48,88,34
badaling_aq#16,48,86,30
badaling_aq#17,48,86,24
badaling_aq#18,48,84,21
badaling_aq#19,48,83,21
badaling_aq#20,47,83,21
badaling_aq#21,47,81,22
badaling_aq#22,46,81,22
badaling_aq#23,47,84,27
miyunshuiku_aq#0,42,48,53
miyunshuiku_aq#1,41,49,60
miyunshuiku_aq#2,40,51,70
miyunshuiku_aq#3,40,53,82
miyunshuiku_aq#4,38,53,90
miyunshuiku_aq#5,36,59,99
miyunshuiku_aq#6,37,55,105
miyunshuiku_aq#7,38,53,108
miyunshuiku_aq#8,38,56,109
miyunshuiku_aq#9,40,58,109
miyunshuiku_aq#10,42,61,105
miyunshuiku_aq#11,44,62,98
miyunshuiku_aq#12,45,64,91
miyunshuiku_aq#13,45,64,86
miyunshuiku_aq#14,46,61,79
miyunshuiku_aq#15,46,58,75
miyunshuiku_aq#16,46,57,68
miyunshuiku_aq#17,46,54,63
miyunshuiku_aq#18,45,54,58
miyunshuiku_aq#19,44,52,55
miyunshuiku_aq#20,43,55,53
miyunshuiku_aq#21,43,53,51
miyunshuiku_aq#22,43,52,50
miyunshuiku_aq#23,41,48,50
donggaocun_aq#0,56,55,39
donggaocun_aq#1,57,64,43
donggaocun_aq#2,57,65,49
donggaocun_aq#3,59,62,59
donggaocun_aq#4,54,63,68
donggaocun_aq#5,53,64,79
donggaocun_aq#6,51,64,85
donggaocun_aq#7,50,63,87
donggaocun_aq#8,50,60,90
donggaocun_aq#9,50,58,87
donggaocun_aq#10,52,59,81
donggaocun_aq#11,56,61,73
donggaocun_aq#12,59,67,68
donggaocun_aq#13,58,64,64
donggaocun_aq#14,59,63,61
donggaocun_aq#15,59,62,57
donggaocun_aq#16,59,61,54
donggaocun_aq#17,59,57,50
donggaocun_aq#18,59,56,48
donggaocun_aq#19,58,57,46
donggaocun_aq#20,59,54,44
donggaocun_aq#21,59,51,41
donggaocun_aq#22,58,51,39
donggaocun_aq#23,56,54,37
yongledian_aq#0,83,109,22
yongledian_aq#1,85,112,33
yongledian_aq#2,80,107,49
yongledian_aq#3,73,91,67
yongledian_aq#4,68,86,84
yongledian_aq#5,64,80,96
yongledian_aq#6,60,75,102
yongledian_aq#7,57,82,107
yongledian_aq#8,56,77,108
yongledian_aq#9,58,74,102
yongledian_aq#10,61,82,87
yongledian_aq#11,66,94,69
yongledian_aq#12,72,101,53
yongledian_aq#13,75,104,42
yongledian_aq#14,79,106,36
yongledian_aq#15,81,105,32
yongledian_aq#16,80,98,29
yongledian_aq#17,79,94,25
yongledian_aq#18,79,92,23
yongledian_aq#19,79,91,20
yongledian_aq#20,77,85,18
yongledian_aq#21,78,88,16
yongledian_aq#22,77,90,15
yongledian_aq#23,78,99,17
yufa_aq#0,76,102,21
yufa_aq#1,80,113,32
yufa_aq#2,82,108,46
yufa_aq#3,77,101,60
yufa_aq#4,68,94,74
yufa_aq#5,67,83,85
yufa_aq#6,64,81,93
yufa_aq#7,63,77,96
yufa_aq#8,62,75,95
yufa_aq#9,59,81,88
yufa_aq#10,61,84,78
yufa_aq#11,64,88,64
yufa_aq#12,67,88,53
yufa_aq#13,69,93,43
yufa_aq#14,73,96,38
yufa_aq#15,77,93,34
yufa_aq#16,75,89,31
yufa_aq#17,80,88,27
yufa_aq#18,78,85,24
yufa_aq#19,77,81,22
yufa_aq#20,74,77,20
yufa_aq#21,74,78,17
yufa_aq#22,73,78,16
yufa_aq#23,73,88,18
liulihe_aq#0,87,133,14
liulihe_aq#1,93,145,22
liulihe_aq#2,92,139,33
liulihe_aq#3,83,126,46
liulihe_aq#4,76,107,57
liulihe_aq#5,74,101,67
liulihe_aq#6,68,95,74
liulihe_aq#7,70,101,78
liulihe_aq#8,74,106,78
liulihe_aq#9,78,121,75
liulihe_aq#10,86,140,64
liulihe_aq#11,94,161,49
liulihe_aq#12,100,162,37
liulihe_aq#13,104,166,28
liulihe_aq#14,105,168,24
liulihe_aq#15,104,159,22
liulihe_aq#16,104,152,19
liulihe_aq#17,100,145,17
liulihe_aq#18,99,140,15
liulihe_aq#19,96,132,14
liulihe_aq#20,92,123,12
liulihe_aq#21,89,127,12
liulihe_aq#22,86,123,11
liulihe_aq#23,82,120,11
qianmen_aq#0,62,84,24
qianmen_aq#1,61,85,32
qianmen_aq#2,61,82,42
qianmen_aq#3,61,79,55
qianmen_aq#4,60,76,67
qianmen_aq#5,61,76,79
qianmen_aq#6,58,75,87
qianmen_aq#7,56,71,91
qianmen_aq#8,56,76,92
qianmen_aq#9,56,75,87
qianmen_aq#10,58,79,77
qianmen_aq#11,62,83,67
qianmen_aq#12,66,90,57
qianmen_aq#13,67,94,48
qianmen_aq#14,70,94,42
qianmen_aq#15,71,94,39
qianmen_aq#16,70,93,35
qianmen_aq#17,69,87,31
qianmen_aq#18,68,85,29
qianmen_aq#19,64,84,28
qianmen_aq#20,63,82,27
qianmen_aq#21,64,81,23
qianmen_aq#22,62,81,22
qianmen_aq#23,61,87,21
yongdingmennei_aq#0,63,84,18
yongdingmennei_aq#1,63,81,25
yongdingmennei_aq#2,62,80,34
yongdingmennei_aq#3,63,76,45
yongdingmennei_aq#4,62,73,57
yongdingmennei_aq#5,59,72,68
yongdingmennei_aq#6,57,74,75
yongdingmennei_aq#7,55,67,79
yongdingmennei_aq#8,55,69,80
yongdingmennei_aq#9,57,72,76
yongdingmennei_aq#10,58,75,69
yongdingmennei_aq#11,61,78,60
yongdingmennei_aq#12,65,87,49
yongdingmennei_aq#13,66,92,40
yongdingmennei_aq#14,70,94,35
yongdingmennei_aq#15,70,93,32
yongdingmennei_aq#16,71,88,29
yongdingmennei_aq#17,68,84,27
yongdingmennei_aq#18,68,81,24
yongdingmennei_aq#19,65,83,23
yongdingmennei_aq#20,64,77,22
yongdingmennei_aq#21,63,73,19
yongdingmennei_aq#22,61,76,17
yongdingmennei_aq#23,62,85,15
xizhimenbei_aq#0,60,85,21
xizhimenbei_aq#1,59,85,28
xizhimenbei_aq#2,61,81,37
xizhimenbei_aq#3,60,79,49
xizhimenbei_aq#4,58,77,62
xizhimenbei_aq#5,59,76,72
xizhimenbei_aq#6,56,73,79
xizhimenbei_aq#7,54,71,85
xizhimenbei_aq#8,55,74,86
xizhimenbei_aq#9,56,78,78
xizhimenbei_aq#10,59,84,70
xizhimenbei_aq#11,63,85,60
xizhimenbei_aq#12,66,89,52
xizhimenbei_aq#13,67,92,47
xizhimenbei_aq#14,70,92,43
xizhimenbei_aq#15,70,94,40
xizhimenbei_aq#16,67,90,37
xizhimenbei_aq#17,66,84,34
xizhimenbei_aq#18,64,82,31
xizhimenbei_aq#19,62,83,28
xizhimenbei_aq#20,62,82,26
xizhimenbei_aq#21,63,88,24
xizhimenbei_aq#22,63,89,22
xizhimenbei_aq#23,60,85,18
nansanhuan_aq#0,71,105,12
nansanhuan_aq#1,67,102,18
nansanhuan_aq#2,68,100,25
nansanhuan_aq#3,69,97,33
nansanhuan_aq#4,67,94,40
nansanhuan_aq#5,69,95,48
nansanhuan_aq#6,63,92,52
nansanhuan_aq#7,63,93,56
nansanhuan_aq#8,65,94,55
nansanhuan_aq#9,65,92,50
nansanhuan_aq#10,67,102,41
nansanhuan_aq#11,68,102,35
nansanhuan_aq#12,73,109,29
nansanhuan_aq#13,77,114,27
nansanhuan_aq#14,78,116,27
nansanhuan_aq#15,82,113,25
nansanhuan_aq#16,80,114,23
nansanhuan_aq#17,78,115,23
nansanhuan_aq#18,77,107,22
nansanhuan_aq#19,74,106,21
nansanhuan_aq#20,73,95,20
nansanhuan_aq#21,71,97,19
nansanhuan_aq#22,68,93,15
nansanhuan_aq#23,69,106,11
dongsihuan_aq#0,69,101,14
dongsihuan_aq#1,65,102,19
dongsihuan_aq#2,63,93,27
dongsihuan_aq#3,61,88,36
dongsihuan_aq#4,57,85,44
dongsihuan_aq#5,56,86,52
dongsihuan_aq#6,56,88,59
dongsihuan_aq#7,57,81,62
dongsihuan_aq#8,57,77,62
dongsihuan_aq#9,56,83,59
dongsihuan_aq#10,58,82,53
dongsihuan_aq#11,62,87,44
dongsihuan_aq#12,64,91,36
dongsihuan_aq#13,67,100,29
dongsihuan_aq#14,71,106,26
dongsihuan_aq#15,75,110,23
dongsihuan_aq#16,77,112,19
dongsihuan_aq#17,72,112,17
dongsihuan_aq#18,77,118,13
dongsihuan_aq#19,75,115,14
dongsihuan_aq#20,75,112,14
dongsihuan_aq#21,74,109,13
dongsihuan_aq#22,72,104,13
dongsihuan_aq#23,68,100,12
CD1#0,15,18,0
CD1#1,15,17,0
CD1#2,14,16,0
CD1#3,14,16,0
CD1#4,14,16,0
CD1#5,15,18,0
CD1#6,16,21,0
CD1#7,17,22,0
CD1#8,17,23,0
CD1#9,17,25,0
CD1#10,16,24,0
CD1#11,16,23,0
CD1#12,15,22,0
CD1#13,15,21,0
CD1#14,15,21,0
CD1#15,15,21,0
CD1#16,15,21,0
CD1#17,16,21,0
CD1#18,17,22,0
CD1#19,17,23,0
CD1#20,18,22,0
CD1#21,18,22,0
CD1#22,17,21,0
CD1#23,16,20,0
BL0#0,15,18,0
BL0#1,14,18,0
BL0#2,14,17,0
BL0#3,14,17,0
BL0#4,13,16,0
BL0#5,13,17,0
BL0#6,14,17,0
BL0#7,14,19,0
BL0#8,15,21,0
BL0#9,15,21,0
BL0#10,14,20,0
BL0#11,14,20,0
BL0#12,14,20,0
BL0#13,14,19,0
BL0#14,13,19,0
BL0#15,13,18,0
BL0#16,13,18,0
BL0#17,14,18,0
BL0#18,15,19,0
BL0#19,16,20,0
BL0#20,16,21,0
BL0#21,16,20,0
BL0#22,16,19,0
BL0#23,15,19,0
GR4#0,14,19,0
GR4#1,13,19,0
GR4#2,13,18,0
GR4#3,12,18,0
GR4#4,12,17,0
GR4#5,12,17,0
GR4#6,12,18,0
GR4#7,12,18,0
GR4#8,13,19,0
GR4#9,13,19,0
GR4#10,12,19,0
GR4#11,12,18,0
GR4#12,12,18,0
GR4#13,12,18,0
GR4#14,11,18,0
GR4#15,12,18,0
GR4#16,11,18,0
GR4#17,12,18,0
GR4#18,13,19,0
GR4#19,14,20,0
GR4#20,14,21,0
GR4#21,14,21,0
GR4#22,14,20,0
GR4#23,14,20,0
MY7#0,14,22,0
MY7#1,13,20,0
MY7#2,13,19,0
MY7#3,12,19,0
MY7#4,12,19,0
MY7#5,13,21,0
MY7#6,15,24,0
MY7#7,16,25,0
MY7#8,16,26,0
MY7#9,17,27,0
MY7#10,16,27,0
MY7#11,16,26,0
MY7#12,16,26,0
MY7#13,16,26,0
MY7#14,16,26,0
MY7#15,15,25,0
MY7#16,15,25,0
MY7#17,16,25,0
MY7#18,17,26,0
MY7#19,17,27,0
MY7#20,17,27,0
MY7#21,17,27,0
MY7#22,17,26,0
MY7#23,15,24,0
HV1#0,12,16,0
HV1#1,12,15,0
HV1#2,11,15,0
HV1#3,11,15,0
HV1#4,11,15,0
HV1#5,11,16,0
HV1#6,12,18,0
HV1#7,12,19,0
HV1#8,12,19,0
HV1#9,12,19,0
HV1#10,11,20,0
HV1#11,11,19,0
HV1#12,10,19,0
HV1#13,10,19,0
HV1#14,10,19,0
HV1#15,10,18,0
HV1#16,11,18,0
HV1#17,12,19,0
HV1#18,12,19,0
HV1#19,13,19,0
HV1#20,13,19,0
HV1#21,13,18,0
HV1#22,13,17,0
HV1#23,13,17,0
GN3#0,13,19,0
GN3#1,12,18,0
GN3#2,11,17,0
GN3#3,11,17,0
GN3#4,11,17,0
GN3#5,12,18,0
GN3#6,12,19,0
GN3#7,12,20,0
GN3#8,12,20,0
GN3#9,12,20,0
GN3#10,11,21,0
GN3#11,11,20,0
GN3#12,11,19,0
GN3#13,11,20,0
GN3#14,11,19,0
GN3#15,11,19,0
GN3#16,11,19,0
GN3#17,12,20,0
GN3#18,13,21,0
GN3#19,14,22,0
GN3#20,14,22,0
GN3#21,14,22,0
GN3#22,14,21,0
GN3#23,13,20,0
GR9#0,12,21,0
GR9#1,11,20,0
GR9#2,10,19,0
GR9#3,10,18,0
GR9#4,10,19,0
GR9#5,11,20,0
GR9#6,11,21,0
GR9#7,11,21,0
GR9#8,11,21,0
GR9#9,11,21,0
GR9#10,10,21,0
GR9#11,10,21,0
GR9#12,10,22,0
GR9#13,10,20,0
GR9#14,10,20,0
GR9#15,10,20,0
GR9#16,10,20,0
GR9#17,11,21,0
GR9#18,12,23,0
GR9#19,13,24,0
GR9#20,14,25,0
GR9#21,14,23,0
GR9#22,13,23,0
GR9#23,13,22,0
LW2#0,14,21,0
LW2#1,13,19,0
LW2#2,12,18,0
LW2#3,12,17,0
LW2#4,13,18,0
LW2#5,13,19,0
LW2#6,14,20,0
LW2#7,14,21,0
LW2#8,14,21,0
LW2#9,14,22,0
LW2#10,14,22,0
LW2#11,15,23,0
LW2#12,16,24,0
LW2#13,16,25,0
LW2#14,16,24,0
LW2#15,16,24,0
LW2#16,16,24,0
LW2#17,18,25,0
LW2#18,21,27,0
LW2#19,22,30,0
LW2#20,22,30,0
LW2#21,20,28,0
LW2#22,17,25,0
LW2#23,16,22,0
GN0#0,13,18,0
GN0#1,13,17,0
GN0#2,12,17,0
GN0#3,12,16,0
GN0#4,11,16,0
GN0#5,12,17,0
GN0#6,12,18,0
GN0#7,13,19,0
GN0#8,13,20,0
GN0#9,12,20,0
GN0#10,12,19,0
GN0#11,11,19,0
GN0#12,11,18,0
GN0#13,11,18,0
GN0#14,11,18,0
GN0#15,11,18,0
GN0#16,11,18,0
GN0#17,12,18,0
GN0#18,13,19,0
GN0#19,13,20,0
GN0#20,14,20,0
GN0#21,14,20,0
GN0#22,14,20,0
GN0#23,14,20,0
KF1#0,9,13,0
KF1#1,9,13,0
KF1#2,9,12,0
KF1#3,8,12,0
KF1#4,8,12,0
KF1#5,8,12,0
KF1#6,8,12,0
KF1#7,8,13,0
KF1#8,8,14,0
KF1#9,8,14,0
KF1#10,8,13,0
KF1#11,7,13,0
KF1#12,7,12,0
KF1#13,7,12,0
KF1#14,7,13,0
KF1#15,7,12,0
KF1#16,7,12,0
KF1#17,7,12,0
KF1#18,8,12,0
KF1#19,9,13,0
KF1#20,10,14,0
KF1#21,10,14,0
KF1#22,10,14,0
KF1#23,9,14,0
CD9#0,12,17,0
CD9#1,11,16,0
CD9#2,10,15,0
CD9#3,10,15,0
CD9#4,10,15,0
CD9#5,11,17,0
CD9#6,13,19,0
CD9#7,14,22,0
CD9#8,15,23,0
CD9#9,15,23,0
CD9#10,15,23,0
CD9#11,15,22,0
CD9#12,14,22,0
CD9#13,14,22,0
CD9#14,13,22,0
CD9#15,14,22,0
CD9#16,14,21,0
CD9#17,15,22,0
CD9#18,16,23,0
CD9#19,16,23,0
CD9#20,16,23,0
CD9#21,16,23,0
CD9#22,15,21,0
CD9#23,13,19,0
ST5#0,15,22,0
ST5#1,15,23,0
ST5#2,15,23,0
ST5#3,14,22,0
ST5#4,14,23,0
ST5#5,15,28,0
ST5#6,15,31,0
ST5#7,15,31,0
ST5#8,15,33,0
ST5#9,15,35,0
ST5#10,14,33,0
ST5#11,13,33,0
ST5#12,13,33,0
ST5#13,13,33,0
ST5#14,13,32,0
ST5#15,13,31,0
ST5#16,14,29,0
ST5#17,14,29,0
ST5#18,15,29,0
ST5#19,16,30,0
ST5#20,17,29,0
ST5#21,17,27,0
ST5#22,16,27,0
ST5#23,16,25,0
TH4#0,13,23,0
TH4#1,12,22,0
TH4#2,11,20,0
TH4#3,11,20,0
TH4#4,12,21,0
TH4#5,13,23,0
TH4#6,14,26,0
TH4#7,15,27,0
TH4#8,14,29,0
TH4#9,14,29,0
TH4#10,14,29,0
TH4#11,13,29,0
TH4#12,13,28,0
TH4#13,13,28,0
TH4#14,12,27,0
TH4#15,12,26,0
TH4#16,12,25,0
TH4#17,13,25,0
TH4#18,14,25,0
TH4#19,14,26,0
TH4#20,15,26,0
TH4#21,14,26,0
TH4#22,14,25,0
TH4#23,14,24,0
dongsi_aq#24,60,94,27
dongsi_aq#25,58,91,36
dongsi_aq#26,57,90,47
dongsi_aq#27,58,88,59
dongsi_aq#28,59,87,71
dongsi_aq#29,57,84,83
dongsi_aq#30,54,81,93
dongsi_aq#31,52,81,98
dongsi_aq#32,52,85,99
dongsi_aq#33,54,89,96
dongsi_aq#34,56,96,88
dongsi_aq#35,60,101,76
dongsi_aq#36,63,105,68
dongsi_aq#37,66,110,59
dongsi_aq#38,68,111,52
dongsi_aq#39,69,109,47
dongsi_aq#40,68,107,41
dongsi_aq#41,66,102,38
dongsi_aq#42,65,102,31
dongsi_aq#43,62,97,27
dongsi_aq#44,62,97,30
dongsi_aq#45,62,95,26
dongsi_aq#46,61,95,25
dongsi_aq#47,59,92,25
tiantan_aq#24,58,98,23
tiantan_aq#25,58,99,31
tiantan_aq#26,58,95,42
tiantan_aq#27,60,94,54
tiantan_aq#28,56,86,68
tiantan_aq#29,55,84,80
tiantan_aq#30,53,83,89
tiantan_aq#31,52,83,95
tiantan_aq#32,52,86,98
tiantan_aq#33,52,86,92
tiantan_aq#34,52,85,84
tiantan_aq#35,54,86,73
tiantan_aq#36,55,88,59
tiantan_aq#37,58,92,49
tiantan_aq#38,60,95,43
tiantan_aq#39,61,94,40
tiantan_aq#40,62,92,36
tiantan_aq#41,58,89,32
tiantan_aq#42,61,87,28
tiantan_aq#43,59,86,27
tiantan_aq#44,58,88,24
tiantan_aq#45,58,88,22
tiantan_aq#46,57,92,21
tiantan_aq#47,57,100,21
guanyuan_aq#24,57,96,25
guanyuan_aq#25,56,97,34
guanyuan_aq#26,55,92,45
guanyuan_aq#27,55,91,59
guanyuan_aq#28,53,85,72
guanyuan_aq#29,54,85,85
guanyuan_aq#30,52,83,93
guanyuan_aq#31,51,82,98
guanyuan_aq#32,51,85,97
guanyuan_aq#33,52,91,95
guanyuan_aq#34,54,95,87
guanyuan_aq#35,57,97,76
guanyuan_aq#36,59,102,65
guanyuan_aq#37,61,105,57
guanyuan_aq#38,62,107,50
guanyuan_aq#39,63,104,45
guanyuan_aq#40,61,105,41
guanyuan_aq#41,59,96,38
guanyuan_aq#42,58,93,33
guanyuan_aq#43,57,90,35
guanyuan_aq#44,56,90,30
guanyuan_aq#45,57,94,26
guanyuan_aq#46,57,95,25
guanyuan_aq#47,57,96,23
wanshouxigong_aq#24,59,88,25
wanshouxigong_aq#25,59,92,34
wanshouxigong_aq#26,60,96,45
wanshouxigong_aq#27,60,87,57
wanshouxigong_aq#28,58,83,69
wanshouxigong_aq#29,58,82,80
wanshouxigong_aq#30,55,78,89
wanshouxigong_aq#31,54,80,94
wanshouxigong_aq#32,55,81,95
wanshouxigong_aq#33,55,87,90
wanshouxigong_aq#34,58,92,82
wanshouxigong_aq#35,58,91,72
wanshouxigong_aq#36,64,98,61
wanshouxigong_aq#37,65,100,51
wanshouxigong_aq#38,65,98,44
wanshouxigong_aq#39,68,97,41
wanshouxigong_aq#40,68,96,36
wanshouxigong_aq#41,67,92,33
wanshouxigong_aq#42,65,89,30
wanshouxigong_aq#43,64,86,28
wanshouxigong_aq#44,60,80,27
wanshouxigong_aq#45,59,89,25
wanshouxigong_aq#46,59,93,24
wanshouxigong_aq#47,58,87,23
aotizhongxin_aq#24,54,78,29
aotizhongxin_aq#25,55,82,37
aotizhongxin_aq#26,56,83,49
aotizhongxin_aq#27,55,77,62
aotizhongxin_aq#28,53,74,75
aotizhongxin_aq#29,53,73,86
aotizhongxin_aq#30,51,70,96
aotizhongxin_aq#31,50,72,99
aotizhongxin_aq#32,49,72,100
aotizhongxin_aq#33,50,74,97
aotizhongxin_aq#34,52,80,90
aotizhongxin_aq#35,54,83,82
aotizhongxin_aq#36,57,87,71
aotizhongxin_aq#37,58,92,62
aotizhongxin_aq#38,61,92,55
aotizhongxin_aq#39,62,91,50
aotizhongxin_aq#40,61,89,43
aotizhongxin_aq#41,60,87,39
aotizhongxin_aq#42,59,88,34
aotizhongxin_aq#43,58,83,33
aotizhongxin_aq#44,57,83,25
aotizhongxin_aq#45,57,82,27
aotizhongxin_aq#46,56,82,26
aotizhongxin_aq#47,54,78,26
nongzhanguan_aq#24,58,92,25
nongzhanguan_aq#25,57,89,33
nongzhanguan_aq#26,57,91,46
nongzhanguan_aq#27,57,91,59
nongzhanguan_aq#28,56,90,73
nongzhanguan_aq#29,57,87,86
nongzhanguan_aq#30,54,84,96
nongzhanguan_aq#31,51,82,101
nongzhanguan_aq#32,51,81,100
nongzhanguan_aq#33,51,83,97
nongzhanguan_aq#34,52,87,90
nongzhanguan_aq#35,55,92,78
nongzhanguan_aq#36,58,96,67
nongzhanguan_aq#37,61,101,58
nongzhanguan_aq#38,63,104,51
nongzhanguan_aq#39,63,99,48
nongzhanguan_aq#40,64,102,42
nongzhanguan_aq#41,62,97,38
nongzhanguan_aq#42,62,96,33
nongzhanguan_aq#43,61,95,31
nongzhanguan_aq#44,62,93,28
nongzhanguan_aq#45,60,95,26
nongzhanguan_aq#46,59,92,25
nongzhanguan_aq#47,57,91,22
wanliu_aq#24,56,86,22
wanliu_aq#25,56,85,31
wanliu_aq#26,55,83,43
wanliu_aq#27,55,78,56
wanliu_aq#28,53,74,70
wanliu_aq#29,51,72,83
wanliu_aq#30,51,71,90
wanliu_aq#31,50,74,95
wanliu_aq#32,50,77,95
wanliu_aq#33,50,84,90
wanliu_aq#34,53,89,80
wanliu_aq#35,54,89,70
wanliu_aq#36,56,95,59
wanliu_aq#37,58,101,49
wanliu_aq#38,61,104,41
wanliu_aq#39,61,98,36
wanliu_aq#40,59,96,33
wanliu_aq#41,58,91,30
wanliu_aq#42,56,87,28
wanliu_aq#43,55,84,27
wanliu_aq#44,55,83,25
wanliu_aq#45,54,83,23
wanliu_aq#46,54,84,22
wanliu_aq#47,54,86,19
beibuxinqu_aq#24,61,93,25
beibuxinqu_aq#25,62,93,35
beibuxinqu_aq#26,61,88,48
beibuxinqu_aq#27,60,86,59
beibuxinqu_aq#28,56,90,73
beibuxinqu_aq#29,55,85,84
beibuxinqu_aq#30,52,81,94
beibuxinqu_aq#31,52,83,98
beibuxinqu_aq#32,50,91,97
beibuxinqu_aq#33,50,98,94
beibuxinqu_aq#34,52,102,86
beibuxinqu_aq#35,55,108,73
beibuxinqu_aq#36,59,110,60
beibuxinqu_aq#37,60,113,48
beibuxinqu_aq#38,63,112,40
beibuxinqu_aq#39,64,104,34
beibuxinqu_aq#40,62,103,30
beibuxinqu_aq#41,60,93,27
beibuxinqu_aq#42,59,89,23
beibuxinqu_aq#43,57,90,22
beibuxinqu_aq#44,56,82,20
beibuxinqu_aq#45,57,88,19
beibuxinqu_aq#46,57,87,19
beibuxinqu_aq#47,58,96,21
zhiwuyuan_aq#24,55,69,39
zhiwuyuan_aq#25,57,78,46
zhiwuyuan_aq#26,59,76,58
zhiwuyuan_aq#27,57,70,72
zhiwuyuan_aq#28,56,71,87
zhiwuyuan_aq#29,55,72,99
zhiwuyuan_aq#30,55,69,108
zhiwuyuan_aq#31,54,75,113
zhiwuyuan_aq#32,54,72,117
zhiwuyuan_aq#33,54,75,114
zhiwuyuan_aq#34,52,74,105
zhiwuyuan_aq#35,51,71,93
zhiwuyuan_aq#36,52,70,83
zhiwuyuan_aq#37,53,68,75
zhiwuyuan_aq#38,54,71,69
zhiwuyuan_aq#39,55,69,63
zhiwuyuan_aq#40,56,72,58
zhiwuyuan_aq#41,55,69,53
zhiwuyuan_aq#42,53,64,48
zhiwuyuan_aq#43,51,58,45
zhiwuyuan_aq#44,54,63,42
zhiwuyuan_aq#45,54,65,39
zhiwuyuan_aq#46,54,66,37
zhiwuyuan_aq#47,54,71,36
fengtaihuayuan_aq#24,63,103,21
fengtaihuayuan_aq#25,62,104,31
fengtaihuayuan_aq#26,61,100,44
fengtaihuayuan_aq#27,62,94,56
fengtaihuayuan_aq#28,59,88,70
fengtaihuayuan_aq#29,60,82,82
fengtaihuayuan_aq#30,57,84,90
fengtaihuayuan_aq#31,58,86,96
fengtaihuayuan_aq#32,59,90,98
fengtaihuayuan_aq#33,59,93,91
fengtaihuayuan_aq#34,60,96,80
fengtaihuayuan_aq#35,62,104,67
fengtaihuayuan_aq#36,67,112,53
fengtaihuayuan_aq#37,69,118,44
fengtaihuayuan_aq#38,70,116,36
fengtaihuayuan_aq#39,70,114,34
fengtaihuayuan_aq#40,70,111,30
fengtaihuayuan_aq#41,67,109,27
fengtaihuayuan_aq#42,66,106,25
fengtaihuayuan_aq#43,64,101,24
fengtaihuayuan_aq#44,62,96,22
fengtaihuayuan_aq#45,60,96,21
fengtaihuayuan_aq#46,60,97,20
fengtaihuayuan_aq#47,61,103,18
yungang_aq#24,53,81,35
yungang_aq#25,54,83,44
yungang_aq#26,57,85,56
yungang_aq#27,58,80,69
yungang_aq#28,58,76,82
yungang_aq#29,59,78,94
yungang_aq#30,59,75,103
yungang_aq#31,59,75,109
yungang_aq#32,58,79,110
yungang_aq#33,57,82,105
yungang_aq#34,59,88,96
yungang_aq#35,61,99,85
yungang_aq#36,64,102,74
yungang_aq#37,65,106,63
yungang_aq#38,67,106,55
yungang_aq#39,66,98,50
yungang_aq#40,63,92,45
yungang_aq#41,62,90,41
yungang_aq#42,61,87,38
yungang_aq#43,57,82,36
yungang_aq#44,55,77,35
yungang_aq#45,54,76,32
yungang_aq#46,52,77,32
yungang_aq#47,51,80,32
gucheng_aq#24,56,92,28
gucheng_aq#25,58,95,37
gucheng_aq#26,57,93,49
gucheng_aq#27,59,87,61
gucheng_aq#28,57,78,74
gucheng_aq#29,57,80,86
gucheng_aq#30,58,83,94
gucheng_aq#31,58,84,99
gucheng_aq#32,57,88,101
gucheng_aq#33,57,93,97
gucheng_aq#34,61,99,87
gucheng_aq#35,65,105,75
gucheng_aq#36,67,113,63
gucheng_aq#37,68,120,52
gucheng_aq#38,69,119,44
gucheng_aq#39,68,119,37
gucheng_aq#40,66,112,34
gucheng_aq#41,63,104,33
gucheng_aq#42,60,99,27
gucheng_aq#43,57,94,25
gucheng_aq#44,55,91,28
gucheng_aq#45,55,92,27
gucheng_aq#46,54,87,27
gucheng_aq#47,55,87,26
fangshan_aq#24,61,106,27
fangshan_aq#25,60,106,36
fangshan_aq#26,60,104,51
fangshan_aq#27,61,100,66
fangshan_aq#28,60,94,81
fangshan_aq#29,61,91,93
fangshan_aq#30,58,90,102
fangshan_aq#31,58,89,107
fangshan_aq#32,57,93,109
fangshan_aq#33,57,94,104
fangshan_aq#34,58,102,93
fangshan_aq#35,65,118,80
fangshan_aq#36,69,127,66
fangshan_aq#37,70,131,55
fangshan_aq#38,72,131,46
fangshan_aq#39,71,122,42
fangshan_aq#40,69,123,38
fangshan_aq#41,68,110,34
fangshan_aq#42,65,106,31
fangshan_aq#43,63,101,31
fangshan_aq#44,61,96,25
fangshan_aq#45,58,94,24
fangshan_aq#46,57,94,23
fangshan_aq#47,58,100,22
daxing_aq#24,65,121,22
daxing_aq#25,64,119,34
daxing_aq#26,63,114,48
daxing_aq#27,62,105,62
daxing_aq#28,58,93,76
daxing_aq#29,57,89,89
daxing_aq#30,54,89,99
daxing_aq#31,53,89,103
daxing_aq#32,53,91,103
daxing_aq#33,53,93,100
daxing_aq#34,55,101,89
daxing_aq#35,57,108,76
daxing_aq#36,63,117,63
daxing_aq#37,67,123,53
daxing_aq#38,69,122,48
daxing_aq#39,67,119,42
daxing_aq#40,69,119,37
daxing_aq#41,68,113,33
daxing_aq#42,66,109,30
daxing_aq#43,64,108,28
daxing_aq#44,65,104,32
daxing_aq#45,64,105,22
daxing_aq#46,61,103,20
daxing_aq#47,62,109,19
yizhuang_aq#24,68,99,26
yizhuang_aq#25,66,102,37
yizhuang_aq#26,64,94,50
yizhuang_aq#27,65,88,66
yizhuang_aq#28,61,83,79
yizhuang_aq#29,59,74,91
yizhuang_aq#30,57,79,98
yizhuang_aq#31,56,77,102
yizhuang_aq#32,54,76,103
yizhuang_aq#33,55,77,99
yizhuang_aq#34,59,82,90
yizhuang_aq#35,61,88,75
yizhuang_aq#36,64,98,63
yizhuang_aq#37,66,103,54
yizhuang_aq#38,69,105,48
yizhuang_aq#39,69,102,43
yizhuang_aq#40,70,100,39
yizhuang_aq#41,70,97,36
yizhuang_aq#42,71,95,31
yizhuang_aq#43,70,96,28
yizhuang_aq#44,69,91,25
yizhuang_aq#45,68,93,23
yizhuang_aq#46,67,96,21
yizhuang_aq#47,66,98,20
tongzhou_aq#24,70,104,26
tongzhou_aq#25,69,107,35
tongzhou_aq#26,69,104,48
tongzhou_aq#27,69,100,63
tongzhou_aq#28,67,90,76
tongzhou_aq#29,65,92,90
tongzhou_aq#30,60,84,98
tongzhou_aq#31,60,84,103
tongzhou_aq#32,59,87,103
tongzhou_aq#33,58,87,96
tongzhou_aq#34,61,94,86
tongzhou_aq#35,64,105,72
tongzhou_aq#36,70,113,59
tongzhou_aq#37,71,120,50
tongzhou_aq#38,75,122,44
tongzhou_aq#39,77,121,40
tongzhou_aq#40,78,118,36
tongzhou_aq#41,79,111,33
tongzhou_aq#42,78,111,30
tongzhou_aq#43,76,106,28
tongzhou_aq#44,74,104,27
tongzhou_aq#45,71,107,25
tongzhou_aq#46,71,107,23
tongzhou_aq#47,68,104,23
shunyi_aq#24,51,74,32
shunyi_aq#25,52,75,43
shunyi_aq#26,53,76,57
shunyi_aq#27,54,75,71
shunyi_aq#28,51,71,85
shunyi_aq#29,51,72,87
shunyi_aq#30,50,69,104
shunyi_aq#31,49,70,108
shunyi_aq#32,48,71,108
shunyi_aq#33,50,75,102
shunyi_aq#34,49,77,88
shunyi_aq#35,53,85,75
shunyi_aq#36,57,95,63
shunyi_aq#37,60,98,53
shunyi_aq#38,64,100,47
shunyi_aq#39,67,101,44
shunyi_aq#40,68,95,39
shunyi_aq#41,65,90,35
shunyi_aq#42,63,83,32
shunyi_aq#43,60,79,31
shunyi_aq#44,58,77,29
shunyi_aq#45,55,72,28
shunyi_aq#46,52,68,28
shunyi_aq#47,51,70,28
pingchang_aq#24,51,83,26
pingchang_aq#25,53,85,32
pingchang_aq#26,53,88,42
pingchang_aq#27,55,90,54
pingchang_aq#28,52,78,67
pingchang_aq#29,50,75,78
pingchang_aq#30,48,74,88
pingchang_aq#31,45,70,94
pingchang_aq#32,45,74,94
pingchang_aq#33,47,78,90
pingchang_aq#34,48,80,82
pingchang_aq#35,51,84,71
pingchang_aq#36,54,86,61
pingchang_aq#37,54,84,54
pingchang_aq#38,54,80,50
pingchang_aq#39,53,77,48
pingchang_aq#40,53,76,47
pingchang_aq#41,53,74,41
pingchang_aq#42,51,65,36
pingchang_aq#43,50,64,33
pingchang_aq#44,48,65,31
pingchang_aq#45,48,65,29
pingchang_aq#46,48,69,26
pingchang_aq#47,48,75,24
mentougou_aq#24,50,80,42
mentougou_aq#25,50,80,51
mentougou_aq#26,51,82,64
mentougou_aq#27,54,86,77
mentougou_aq#28,54,86,90
mentougou_aq#29,55,84,102
mentougou_aq#30,56,87,112
mentougou_aq#31,59,91,118
mentougou_aq#32,59,91,118
mentougou_aq#33,60,99,112
mentougou_aq#34,61,103,101
mentougou_aq#35,63,108,86
mentougou_aq#36,65,111,69
mentougou_aq#37,65,113,57
mentougou_aq#38,64,109,52
mentougou_aq#39,62,98,49
mentougou_aq#40,58,90,47
mentougou_aq#41,54,84,46
mentougou_aq#42,51,74,44
mentougou_aq#43,49,72,44
mentougou_aq#44,49,69,43
mentougou_aq#45,49,72,42
mentougou_aq#46,49,75,40
mentougou_aq#47,48,74,39
pinggu_aq#24,59,72,38
pinggu_aq#25,61,83,49
pinggu_aq#26,65,81,63
pinggu_aq#27,63,78,78
pinggu_aq#28,60,89,92
pinggu_aq#29,57,73,102
pinggu_aq#30,54,69,108
pinggu_aq#31,54,68,111
pinggu_aq#32,54,69,113
pinggu_aq#33,55,70,108
pinggu_aq#34,59,78,98
pinggu_aq#35,66,87,86
pinggu_aq#36,73,99,75
pinggu_aq#37,74,89,67
pinggu_aq#38,68,78,62
pinggu_aq#39,66,68,59
pinggu_aq#40,63,64,58
pinggu_aq#41,63,64,56
pinggu_aq#42,61,58,53
pinggu_aq#43,57,57,51
pinggu_aq#44,56,50,48
pinggu_aq#45,55,56,44
pinggu_aq#46,55,56,40
pinggu_aq#47,55,61,37
huairou_aq#24,46,71,36
huairou_aq#25,48,74,44
huairou_aq#26,47,74,58
huairou_aq#27,47,75,72
huairou_aq#28,46,74,85
huairou_aq#29,45,71,94
huairou_aq#30,45,70,101
huairou_aq#31,44,70,107
huairou_aq#32,45,71,106
huairou_aq#33,45,75,103
huairou_aq#34,48,81,92
huairou_aq#35,52,88,79
huairou_aq#36,56,94,72
huairou_aq#37,56,90,64
huairou_aq#38,56,84,59
huairou_aq#39,54,81,58
huairou_aq#40,52,74,55
huairou_aq#41,52,71,52
huairou_aq#42,49,67,50
huairou_aq#43,47,59,48
huairou_aq#44,45,57,48
huairou_aq#45,45,59,42
huairou_aq#46,46,71,38
huairou_aq#47,45,61,35
miyun_aq#24,49,78,29
miyun_aq#25,50,77,42
miyun_aq#26,48,73,57
miyun_aq#27,45,71,72
miyun_aq#28,41,68,84
miyun_aq#29,42,73,94
miyun_aq#30,42,68,100
miyun_aq#31,42,66,104
miyun_aq#32,42,68,105
miyun_aq#33,44,73,100
miyun_aq#34,48,79,90
miyun_aq#35,56,92,78
miyun_aq#36,61,102,67
miyun_aq#37,61,102,59
miyun_aq#38,61,94,51
miyun_aq#39,60,88,46
miyun_aq#40,59,85,40
miyun_aq#41,56,81,38
miyun_aq#42,53,77,34
miyun_aq#43,50,69,31
miyun_aq#44,48,67,30
miyun_aq#45,47,65,27
miyun_aq#46,47,67,25
miyun_aq#47,47,73,26
yanqin_aq#24,55,86,29
yanqin_aq#25,58,90,40
yanqin_aq#26,58,87,54
yanqin_aq#27,53,86,67
yanqin_aq#28,47,76,80
yanqin_aq#29,43,72,91
yanqin_aq#30,38,68,99
yanqin_aq#31,38,70,103
yanqin_aq#32,38,71,104
yanqin_aq#33,40,73,102
yanqin_aq#34,43,81,94
yanqin_aq#35,48,84,85
yanqin_aq#36,50,86,76
yanqin_aq#37,51,87,65
yanqin_aq#38,52,86,57
yanqin_aq#39,55,83,52
yanqin_aq#40,55,82,47
yanqin_aq#41,55,81,41
yanqin_aq#42,55,76,37
yanqin_aq#43,53,75,38
yanqin_aq#44,52,72,32
yanqin_aq#45,51,74,28
yanqin_aq#46,49,74,25
yanqin_aq#47,51,75,25
dingling_aq#24,45,67,46
dingling_aq#25,48,69,52
dingling_aq#26,48,70,61
dingling_aq#27,49,72,71
dingling_aq#28,48,71,81
dingling_aq#29,48,68,91
dingling_aq#30,45,65,100
dingling_aq#31,44,65,105
dingling_aq#32,44,70,107
dingling_aq#33,45,71,104
dingling_aq#34,46,75,96
dingling_aq#35,48,77,84
dingling_aq#36,48,69,74
dingling_aq#37,47,62,69
dingling_aq#38,47,61,64
dingling_aq#39,47,58,61
dingling_aq#40,47,58,58
dingling_aq#41,46,56,55
dingling_aq#42,45,53,52
dingling_aq#43,44,56,49
dingling_aq#44,44,55,47
dingling_aq#45,43,54,44
dingling_aq#46,43,56,42
dingling_aq#47,43,61,43
badaling_aq#24,49,91,34
badaling_aq#25,49,92,45
badaling_aq#26,49,93,57
badaling_aq#27,47,89,69
badaling_aq#28,44,85,79
badaling_aq#29,40,79,87
badaling_aq#30,38,76,93
badaling_aq#31,38,81,95
badaling_aq#32,40,82,96
badaling_aq#33,41,83,92
badaling_aq#34,43,88,85
badaling_aq#35,45,88,76
badaling_aq#36,46,86,65
badaling_aq#37,45,88,53
badaling_aq#38,47,88,42
badaling_aq#39,48,88,34
badaling_aq#40,48,86,30
badaling_aq#41,48,86,24
badaling_aq#42,48,84,21
badaling_aq#43,48,83,21
badaling_aq#44,47,83,21
badaling_aq#45,47,81,22
badaling_aq#46,46,81,22
badaling_aq#47,47,84,27
miyunshuiku_aq#24,42,48,53
miyunshuiku_aq#25,41,49,60
miyunshuiku_aq#26,40,51,70
miyunshuiku_aq#27,40,53,82
miyunshuiku_aq#28,38,53,90
miyunshuiku_aq#29,36,59,99
miyunshuiku_aq#30,37,55,105
miyunshuiku_aq#31,38,53,108
miyunshuiku_aq#32,38,56,109
miyunshuiku_aq#33,40,58,109
miyunshuiku_aq#34,42,61,105
miyunshuiku_aq#35,44,62,98
miyunshuiku_aq#36,45,64,91
miyunshuiku_aq#37,45,64,86
miyunshuiku_aq#38,46,61,79
miyunshuiku_aq#39,46,58,75
miyunshuiku_aq#40,46,57,68
miyunshuiku_aq#41,46,54,63
miyunshuiku_aq#42,45,54,58
miyunshuiku_aq#43,44,52,55
miyunshuiku_aq#44,43,55,53
miyunshuiku_aq#45,43,53,51
miyunshuiku_aq#46,43,52,50
miyunshuiku_aq#47,41,48,50
donggaocun_aq#24,56,55,39
donggaocun_aq#25,57,64,43
donggaocun_aq#26,57,65,49
donggaocun_aq#27,59,62,59
donggaocun_aq#28,54,63,68
donggaocun_aq#29,53,64,79
donggaocun_aq#30,51,64,85
donggaocun_aq#31,50,63,87
donggaocun_aq#32,50,60,90
donggaocun_aq#33,50,58,87
donggaocun_aq#34,52,59,81
donggaocun_aq#35,56,61,73
donggaocun_aq#36,59,67,68
donggaocun_aq#37,58,64,64
donggaocun_aq#38,59,63,61
donggaocun_aq#39,59,62,57
donggaocun_aq#40,59,61,54
donggaocun_aq#41,59,57,50
donggaocun_aq#42,59,56,48
donggaocun_aq#43,58,57,46
donggaocun_aq#44,59,54,44
donggaocun_aq#45,59,51,41
donggaocun_aq#46,58,51,39
donggaocun_aq#47,56,54,37
yongledian_aq#24,83,109,22
yongledian_aq#25,85,112,33
yongledian_aq#26,80,107,49
yongledian_aq#27,73,91,67
yongledian_aq#28,68,86,84
yongledian_aq#29,64,80,96
yongledian_aq#30,60,75,102
yongledian_aq#31,57,82,107
yongledian_aq#32,56,77,108
yongledian_aq#33,58,74,102
yongledian_aq#34,61,82,87
yongledian_aq#35,66,94,69
yongledian_aq#36,72,101,53
yongledian_aq#37,75,104,42
yongledian_aq#38,79,106,36
yongledian_aq#39,81,105,32
yongledian_aq#40,80,98,29
yongledian_aq#41,79,94,25
yongledian_aq#42,79,92,23
yongledian_aq#43,79,91,20
yongledian_aq#44,77,85,18
yongledian_aq#45,78,88,16
yongledian_aq#46,77,90,15
yongledian_aq#47,78,99,17
yufa_aq#24,76,102,21
yufa_aq#25,80,113,32
yufa_aq#26,82,108,46
yufa_aq#27,77,101,60
yufa_aq#28,68,94,74
yufa_aq#29,67,83,85
yufa_aq#30,64,81,93
yufa_aq#31,63,77,96
yufa_aq#32,62,75,95
yufa_aq#33,59,81,88
yufa_aq#34,61,84,78
yufa_aq#35,64,88,64
yufa_aq#36,67,88,53
yufa_aq#37,69,93,43
yufa_aq#38,73,96,38
yufa_aq#39,77,93,34
yufa_aq#40,75,89,31
yufa_aq#41,80,88,27
yufa_aq#42,78,85,24
yufa_aq#43,77,81,22
yufa_aq#44,74,77,20
yufa_aq#45,74,78,17
yufa_aq#46,73,78,16
yufa_aq#47,73,88,18
liulihe_aq#24,87,133,14
liulihe_aq#25,93,145,22
liulihe_aq#26,92,139,33
liulihe_aq#27,83,126,46
liulihe_aq#28,76,107,57
liulihe_aq#29,74,101,67
liulihe_aq#30,68,95,74
liulihe_aq#31,70,101,78
liulihe_aq#32,74,106,78
liulihe_aq#33,78,121,75
liulihe_aq#34,86,140,64
liulihe_aq#35,94,161,49
liulihe_aq#36,100,162,37
liulihe_aq#37,104,166,28
liulihe_aq#38,105,168,24
liulihe_aq#39,104,159,22
liulihe_aq#40,104,152,19
liulihe_aq#41,100,145,17
liulihe_aq#42,99,140,15
liulihe_aq#43,96,132,14
liulihe_aq#44,92,123,12
liulihe_aq#45,89,127,12
liulihe_aq#46,86,123,11
liulihe_aq#47,82,120,11
qianmen_aq#24,62,84,24
qianmen_aq#25,61,85,32
qianmen_aq#26,61,82,42
qianmen_aq#27,61,79,55
qianmen_aq#28,60,76,67
qianmen_aq#29,61,76,79
qianmen_aq#30,58,75,87
qianmen_aq#31,56,71,91
qianmen_aq#32,56,76,92
qianmen_aq#33,56,75,87
qianmen_aq#34,58,79,77
qianmen_aq#35,62,83,67
qianmen_aq#36,66,90,57
qianmen_aq#37,67,94,48
qianmen_aq#38,70,94,42
qianmen_aq#39,71,94,39
qianmen_aq#40,70,93,35
qianmen_aq#41,69,87,31
qianmen_aq#42,68,85,29
qianmen_aq#43,64,84,28
qianmen_aq#44,63,82,27
qianmen_aq#45,64,81,23
qianmen_aq#46,62,81,22
qianmen_aq#47,61,87,21
yongdingmennei_aq#24,63,84,18
yongdingmennei_aq#25,63,81,25
yongdingmennei_aq#26,62,80,34
yongdingmennei_aq#27,63,76,45
yongdingmennei_aq#28,62,73,57
yongdingmennei_aq#29,59,72,68
yongdingmennei_aq#30,57,74,75
yongdingmennei_aq#31,55,67,79
yongdingmennei_aq#32,55,69,80
yongdingmennei_aq#33,57,72,76
yongdingmennei_aq#34,58,75,69
yongdingmennei_aq#35,61,78,60
yongdingmennei_aq#36,65,87,49
yongdingmennei_aq#37,66,92,40
yongdingmennei_aq#38,70,94,35
yongdingmennei_aq#39,70,93,32
yongdingmennei_aq#40,71,88,29
yongdingmennei_aq#41,68,84,27
yongdingmennei_aq#42,68,81,24
yongdingmennei_aq#43,65,83,23
yongdingmennei_aq#44,64,77,22
yongdingmennei_aq#45,63,73,19
yongdingmennei_aq#46,61,76,17
yongdingmennei_aq#47,62,85,15
xizhimenbei_aq#24,60,85,21
xizhimenbei_aq#25,59,85,28
xizhimenbei_aq#26,61,81,37
xizhimenbei_aq#27,60,79,49
xizhimenbei_aq#28,58,77,62
xizhimenbei_aq#29,59,76,72
xizhimenbei_aq#30,56,73,79
xizhimenbei_aq#31,54,71,85
xizhimenbei_aq#32,55,74,86
xizhimenbei_aq#33,56,78,78
xizhimenbei_aq#34,59,84,70
xizhimenbei_aq#35,63,85,60
xizhimenbei_aq#36,66,89,52
xizhimenbei_aq#37,67,92,47
xizhimenbei_aq#38,70,92,43
xizhimenbei_aq#39,70,94,40
xizhimenbei_aq#40,67,90,37
xizhimenbei_aq#41,66,84,34
xizhimenbei_aq#42,64,82,31
xizhimenbei_aq#43,62,83,28
xizhimenbei_aq#44,62,82,26
xizhimenbei_aq#45,63,88,24
xizhimenbei_aq#46,63,89,22
xizhimenbei_aq#47,60,85,18
nansanhuan_aq#24,71,105,12
nansanhuan_aq#25,67,102,18
nansanhuan_aq#26,68,100,25
nansanhuan_aq#27,69,97,33
nansanhuan_aq#28,67,94,40
nansanhuan_aq#29,69,95,48
nansanhuan_aq#30,63,92,52
nansanhuan_aq#31,63,93,56
nansanhuan_aq#32,65,94,55
nansanhuan_aq#33,65,92,50
nansanhuan_aq#34,67,102,41
nansanhuan_aq#35,68,102,35
nansanhuan_aq#36,73,109,29
nansanhuan_aq#37,77,114,27
nansanhuan_aq#38,78,116,27
nansanhuan_aq#39,82,113,25
nansanhuan_aq#40,80,114,23
nansanhuan_aq#41,78,115,23
nansanhuan_aq#42,77,107,22
nansanhuan_aq#43,74,106,21
nansanhuan_aq#44,73,95,20
nansanhuan_aq#45,71,97,19
nansanhuan_aq#46,68,93,15
nansanhuan_aq#47,69,106,11
dongsihuan_aq#24,69,101,14
dongsihuan_aq#25,65,102,19
dongsihuan_aq#26,63,93,27
dongsihuan_aq#27,61,88,36
dongsihuan_aq#28,57,85,44
dongsihuan_aq#29,56,86,52
dongsihuan_aq#30,56,88,59
dongsihuan_aq#31,57,81,62
dongsihuan_aq#32,57,77,62
dongsihuan_aq#33,56,83,59
dongsihuan_aq#34,58,82,53
dongsihuan_aq#35,62,87,44
dongsihuan_aq#36,64,91,36
dongsihuan_aq#37,67,100,29
dongsihuan_aq#38,71,106,26
dongsihuan_aq#39,75,110,23
dongsihuan_aq#40,77,112,19
dongsihuan_aq#41,72,112,17
dongsihuan_aq#42,77,118,13
dongsihuan_aq#43,75,115,14
dongsihuan_aq#44,75,112,14
dongsihuan_aq#45,74,109,13
dongsihuan_aq#46,72,104,13
dongsihuan_aq#47,68,100,12
CD1#24,15,18,0
CD1#25,15,17,0
CD1#26,14,16,0
CD1#27,14,16,0
CD1#28,14,16,0
CD1#29,15,18,0
CD1#30,16,21,0
CD1#31,17,22,0
CD1#32,17,23,0
CD1#33,17,25,0
CD1#34,16,24,0
CD1#35,16,23,0
CD1#36,15,22,0
CD1#37,15,21,0
CD1#38,15,21,0
CD1#39,15,21,0
CD1#40,15,21,0
CD1#41,16,21,0
CD1#42,17,22,0
CD1#43,17,23,0
CD1#44,18,22,0
CD1#45,18,22,0
CD1#46,17,21,0
CD1#47,16,20,0
BL0#24,15,18,0
BL0#25,14,18,0
BL0#26,14,17,0
BL0#27,14,17,0
BL0#28,13,16,0
BL0#29,13,17,0
BL0#30,14,17,0
BL0#31,14,19,0
BL0#32,15,21,0
BL0#33,15,21,0
BL0#34,14,20,0
BL0#35,14,20,0
BL0#36,14,20,0
BL0#37,14,19,0
BL0#38,13,19,0
BL0#39,13,18,0
BL0#40,13,18,0
BL0#41,14,18,0
BL0#42,15,19,0
BL0#43,16,20,0
BL0#44,16,21,0
BL0#45,16,20,0
BL0#46,16,19,0
BL0#47,15,19,0
GR4#24,14,19,0
GR4#25,13,19,0
GR4#26,13,18,0
GR4#27,12,18,0
GR4#28,12,17,0
GR4#29,12,17,0
GR4#30,12,18,0
GR4#31,12,18,0
GR4#32,13,19,0
GR4#33,13,19,0
GR4#34,12,19,0
GR4#35,12,18,0
GR4#36,12,18,0
GR4#37,12,18,0
GR4#38,11,18,0
GR4#39,12,18,0
GR4#40,11,18,0
GR4#41,12,18,0
GR4#42,13,19,0
GR4#43,14,20,0
GR4#44,14,21,0
GR4#45,14,21,0
GR4#46,14,20,0
GR4#47,14,20,0
MY7#24,14,22,0
MY7#25,13,20,0
MY7#26,13,19,0
MY7#27,12,19,0
MY7#28,12,19,0
MY7#29,13,21,0
MY7#30,15,24,0
MY7#31,16,25,0
MY7#32,16,26,0
MY7#33,17,27,0
MY7#34,16,27,0
MY7#35,16,26,0
MY7#36,16,26,0
MY7#37,16,26,0
MY7#38,16,26,0
MY7#39,15,25,0
MY7#40,15,25,0
MY7#41,16,25,0
MY7#42,17,26,0
MY7#43,17,27,0
MY7#44,17,27,0
MY7#45,17,27,0
MY7#46,17,26,0
MY7#47,15,24,0
HV1#24,12,16,0
HV1#25,12,15,0
HV1#26,11,15,0
HV1#27,11,15,0
HV1#28,11,15,0
HV1#29,11,16,0
HV1#30,12,18,0
HV1#31,12,19,0
HV1#32,12,19,0
HV1#33,12,19,0
HV1#34,11,20,0
HV1#35,11,19,0
HV1#36,10,19,0
HV1#37,10,19,0
HV1#38,10,19,0
HV1#39,10,18,0
HV1#40,11,18,0
HV1#41,12,19,0
HV1#42,12,19,0
HV1#43,13,19,0
HV1#44,13,19,0
HV1#45,13,18,0
HV1#46,13,17,0
HV1#47,13,17,0
GN3#24,13,19,0
GN3#25,12,18,0
GN3#26,11,17,0
GN3#27,11,17,0
GN3#28,11,17,0
GN3#29,12,18,0
GN3#30,12,19,0
GN3#31,12,20,0
GN3#32,12,20,0
GN3#33,12,20,0
GN3#34,11,21,0
GN3#35,11,20,0
GN3#36,11,19,0
GN3#37,11,20,0
GN3#38,11,19,0
GN3#39,11,19,0
GN3#40,11,19,0
GN3#41,12,20,0
GN3#42,13,21,0
GN3#43,14,22,0
GN3#44,14,22,0
GN3#45,14,22,0
GN3#46,14,21,0
GN3#47,13,20,0
GR9#24,12,21,0
GR9#25,11,20,0
GR9#26,10,19,0
GR9#27,10,18,0
GR9#28,10,19,0
GR9#29,11,20,0
GR9#30,11,21,0
GR9#31,11,21,0
GR9#32,11,21,0
GR9#33,11,21,0
GR9#34,10,21,0
GR9#35,10,21,0
GR9#36,10,22,0
GR9#37,10,20,0
GR9#38,10,20,0
GR9#39,10,20,0
GR9#40,10,20,0
GR9#41,11,21,0
GR9#42,12,23,0
GR9#43,13,24,0
GR9#44,14,25,0
GR9#45,14,23,0
GR9#46,13,23,0
GR9#47,13,22,0
LW2#24,14,21,0
LW2#25,13,19,0
LW2#26,12,18,0
LW2#27,12,17,0
LW2#28,13,18,0
LW2#29,13,19,0
LW2#30,14,20,0
LW2#31,14,21,0
LW2#32,14,21,0
LW2#33,14,22,0
LW2#34,14,22,0
LW2#35,15,23,0
LW2#36,16,24,0
LW2#37,16,25,0
LW2#38,16,24,0
LW2#39,16,24,0
LW2#40,16,24,0
LW2#41,18,25,0
LW2#42,21,27,0
LW2#43,22,30,0
LW2#44,22,30,0
LW2#45,20,28,0
LW2#46,17,25,0
LW2#47,16,22,0
GN0#24,13,18,0
GN0#25,13,17,0
GN0#26,12,17,0
GN0#27,12,16,0
GN0#28,11,16,0
GN0#29,12,17,0
GN0#30,12,18,0
GN0#31,13,19,0
GN0#32,13,20,0
GN0#33,12,20,0
GN0#34,12,19,0
GN0#35,11,19,0
GN0#36,11,18,0
GN0#37,11,18,0
GN0#38,11,18,0
GN0#39,11,18,0
GN0#40,11,18,0
GN0#41,12,18,0
GN0#42,13,19,0
GN0#43,13,20,0
GN0#44,14,20,0
GN0#45,14,20,0
GN0#46,14,20,0
GN0#47,14,20,0
KF1#24,9,13,0
KF1#25,9,13,0
KF1#26,9,12,0
KF1#27,8,12,0
KF1#28,8,12,0
KF1#29,8,12,0
KF1#30,8,12,0
KF1#31,8,13,0
KF1#32,8,14,0
KF1#33,8,14,0
KF1#34,8,13,0
KF1#35,7,13,0
KF1#36,7,12,0
KF1#37,7,12,0
KF1#38,7,13,0
KF1#39,7,12,0
KF1#40,7,12,0
KF1#41,7,12,0
KF1#42,8,12,0
KF1#43,9,13,0
KF1#44,10,14,0
KF1#45,10,14,0
KF1#46,10,14,0
KF1#47,9,14,0
CD9#24,12,17,0
CD9#25,11,16,0
CD9#26,10,15,0
CD9#27,10,15,0
CD9#28,10,15,0
CD9#29,11,17,0
CD9#30,13,19,0
CD9#31,14,22,0
CD9#32,15,23,0
CD9#33,15,23,0
CD9#34,15,23,0
CD9#35,15,22,0
CD9#36,14,22,0
CD9#37,14,22,0
CD9#38,13,22,0
CD9#39,14,22,0
CD9#40,14,21,0
CD9#41,15,22,0
CD9#42,16,23,0
CD9#43,16,23,0
CD9#44,16,23,0
CD9#45,16,23,0
CD9#46,15,21,0
CD9#47,13,19,0
ST5#24,15,22,0
ST5#25,15,23,0
ST5#26,15,23,0
ST5#27,14,22,0
ST5#28,14,23,0
ST5#29,15,28,0
ST5#30,15,31,0
ST5#31,15,31,0
ST5#32,15,33,0
ST5#33,15,35,0
ST5#34,14,33,0
ST5#35,13,33,0
ST5#36,13,33,0
ST5#37,13,33,0
ST5#38,13,32,0
ST5#39,13,31,0
ST5#40,14,29,0
ST5#41,14,29,0
ST5#42,15,29,0
ST5#43,16,30,0
ST5#44,17,29,0
ST5#45,17,27,0
ST5#46,16,27,0
ST5#47,16,25,0
TH4#24,13,23,0
TH4#25,12,22,0
TH4#26,11,20,0
TH4#27,11,20,0
TH4#28,12,21,0
TH4#29,13,23,0
TH4#30,14,26,0
TH4#31,15,27,0
TH4#32,14,29,0
TH4#33,14,29,0
TH4#34,14,29,0
TH4#35,13,29,0
TH4#36,13,28,0
TH4#37,13,28,0
TH4#38,12,27,0
TH4#39,12,26,0
TH4#40,12,25,0
TH4#41,13,25,0
TH4#42,14,25,0
TH4#43,14,26,0
TH4#44,15,26,0
TH4#45,14,26,0
TH4#46,14,25,0
TH4#47,14,24,0
